<?xml version="1.0" encoding="UTF-8"?>
<project-private xmlns="http://www.netbeans.org/ns/project-private/1">
    <editor-bookmarks xmlns="http://www.netbeans.org/ns/editor-bookmarks/2" lastBookmarkId="0"/>
    <open-files xmlns="http://www.netbeans.org/ns/projectui-open-files/2">
        <group>
            <file>file:/home/todos/alunos/cm/a1136844/NetBeansProjects/Estufa/src/estufa/Estufa.java</file>
            <file>file:/home/todos/alunos/cm/a1136844/NetBeansProjects/Estufa/src/DAOs/DAOEspecifico.java</file>
            <file>file:/home/todos/alunos/cm/a1136844/NetBeansProjects/Estufa/src/DAOs/DAOGenerico.java</file>
            <file>file:/home/todos/alunos/cm/a1136844/NetBeansProjects/Estufa/src/DAOs/DAOSensor.java</file>
        </group>
    </open-files>
</project-private>
